{"options":{"form":{"formTitle":"Form Title","formId":"jquery-order-form","adminName":"","adminEmail":"","fromEmail":"","sendCustomerEmail":true,"returnUrl":"","autoRedirect":false,"submitLabel":"Send it Off!","signBefore":"\u20ac","signAfter":" EUR","showPrices":false,"jqueryPCP":true,"dateFormat":"jS M Y, g:i a"},"pcp":{"floatSub":true,"showPricesOption":true,"itemize":true,"showZeroAs":"false","subAlign":"right","decimalSep":".","pricesFadeTime":"","emptySummaryText":"<p>Please configure your order...<\/p>","showPrices":false,"signBefore":"\u20ac","signAfter":" EUR"},"templates":{"adminEmailTemplate":"{{#subject}}Online Order Form{{\/subject}}\n                \n                <p>Dear {{adminName}},\n            <br\/>An order has been submitted on the website: <\/p>\n                <br\/>\n                <p>IP Address: {{ipAddress}}<\/p>\n                <p>Date: {{date}}<\/p>\n                <br\/>\n                <h1>Online Order Form ({{formTitle}})<\/h1>\n                \n            <h2>Items<\/h2>\n            \n            {{#options}}\n                    \n                    <div class=\"group\">\n                    \n                    <h4>{{title}}<\/h4>\n                    <p>{{description}}<\/p>\n                    <table border=\"1\">\n                        <tr>\n                            <th>Option<\/th>\n                            <th>Value<\/th>\n                            <th>Unit Price<\/th>\n                            <th>Quantity<\/th>\n                            <th>Price<\/th>\n                        <\/tr>\n                        {{#values}}\n                            {{#data}}\n                            <tr>\n                                <td>{{title}}<\/td>\n                                <td>{{value}}<\/td>\n                                <td>{{unitCostFormatted}}<\/td>\n                                <td>{{quantity}}<\/td>\n                                <td>{{costFormatted}}<\/td>\n                            <\/tr>\n                            {{\/data}}\n                        {{\/values}}\n                        {{#groupQuantity}}\n                        <tr>\n                            <td><\/td>\n                            <td><\/td>\n                            <td><\/td>\n                            <td>Subtotal: <\/td>\n                            <td>{{groupUnitCostFormatted}}<\/td>\n                        <\/tr>\n                        <tr>\n                            <td><\/td>\n                            <td><\/td>\n                            <td><\/td>\n                            <td>Quantity: <\/td>\n                            <td>{{groupQuantity}}<\/td>\n                        <\/tr>\n                        {{\/groupQuantity}}\n                        {{#groupCost}}\n                        <tr>\n                            <td><\/td>\n                            <td><\/td>\n                            <td><\/td>\n                            <td>Total: <\/td>\n                            <td>{{groupCostFormatted}}<\/td>\n                        <\/tr>\n                        {{\/groupCost}}\n                    <\/table>\n                    <\/div>\n                    \n                    <hr\/>\n                    \n                    {{\/options}}\n                    \n                    {{#files}}\n                        <h2>Uploaded Files<\/h2>\n                        {{^files_list}}\n                            <p>No files were uploaded.<\/p>\n                        {{\/files_list}}\n                        <ul>\n                        {{#files_list}}\n                            <li><a href=\"{{link}}\">{{value}}<\/a><\/li>\n                        {{\/files_list}}\n                        <\/ul>\n                    {{\/files}}\n                    \n                    <h2>Grand Total: {{totalCostFormatted}}<\/h2>","customerEmailTemplate":"{{#subject}}Online Order Form{{\/subject}}\n    \n    <p>Dear {{sp_name}},\n<br\/>Thank you for the recent order that you placed on our website! The details are as follows: <\/p>\n    <br\/>\n    <p>Date: {{date}}<\/p>\n    <br\/>\n    <h1>Online Order Form ({{formTitle}})<\/h1>\n    \n<h2>Items<\/h2>\n\n{{#options}}\n        \n        <div class=\"group\">\n        \n        <h4>{{title}}<\/h4>\n        <p>{{description}}<\/p>\n        <table border=\"1\">\n            <tr>\n                <th>Option<\/th>\n                <th>Value<\/th>\n                <th>Unit Price<\/th>\n                <th>Quantity<\/th>\n                <th>Price<\/th>\n            <\/tr>\n            {{#values}}\n                {{#data}}\n                <tr>\n                    <td>{{title}}<\/td>\n                    <td>{{value}}<\/td>\n                    <td>{{unitCostFormatted}}<\/td>\n                    <td>{{quantity}}<\/td>\n                    <td>{{costFormatted}}<\/td>\n                <\/tr>\n                {{\/data}}\n            {{\/values}}\n            {{#groupQuantity}}\n            <tr>\n                <td><\/td>\n                <td><\/td>\n                <td><\/td>\n                <td>Subtotal: <\/td>\n                <td>{{groupUnitCostFormatted}}<\/td>\n            <\/tr>\n            <tr>\n                <td><\/td>\n                <td><\/td>\n                <td><\/td>\n                <td>Quantity: <\/td>\n                <td>{{groupQuantity}}<\/td>\n            <\/tr>\n            {{\/groupQuantity}}\n            {{#groupCost}}\n            <tr>\n                <td><\/td>\n                <td><\/td>\n                <td><\/td>\n                <td>Total: <\/td>\n                <td>{{groupCostFormatted}}<\/td>\n            <\/tr>\n            {{\/groupCost}}\n        <\/table>\n        <\/div>\n        \n        <hr\/>\n        \n        {{\/options}}\n\n{{#files}}\n                        <h2>Attached Files<\/h2>\n                        {{^files_list}}\n                            <p>No files were attached.<\/p>\n                        {{\/files_list}}\n                        <ul>\n                        {{#files_list}}\n                            <li>{{value}}<\/li>\n                        {{\/files_list}}\n                        <\/ul>\n                    {{\/files}}\n        \n        <h2>Grand Total: {{totalCostFormatted}}<\/h2>"}},"fields":[{"title":"Vos choix d'inscription","description":"Please enter your information here...","type":"generic","values":[{"title":"Session d'ateliers A","description":"Session d'ateliers A","type":"radio","validation":{"required":true},"values":[{"label":"Atelier 1A","cost":""},{"label":"Atelier 2A","cost":""},{"label":"Atelier 3A","cost":""}],"validationCode":"validate[required]","id":1,"name":"f_1"},{"title":"Session d'ateliers B","description":"Session d'ateliers B","type":"radio","validation":{"required":true},"values":[{"label":"Atelier 1B","cost":""},{"label":"Atelier 2B","cost":""},{"label":"Atelier 3B","cost":""}],"validationCode":"validate[required]","id":2,"name":"f_2"},{"title":"Visite de site","description":"Votre participation \u00e0 la visite de site","type":"checkbox","validation":[],"values":[{"label":"Votre visite de site","cost":""}],"id":3,"name":"f_3[]"},{"title":"D\u00e9jeuner le 5 avril 2013","description":"Votre participation au d\u00e9jeuner","type":"radio","validation":{"required":true},"values":[{"label":"Oui","cost":"50"},{"label":"Non","cost":"0","checked":"true"}],"validationCode":"validate[required]","id":4,"name":"f_4"}]}],"specialFields":[]}